Date,High,Low,Open,Close,Volume,Adj Close,Name
2016-10-18,70.86499786376953,69.66000366210938,70.54000091552734,70.58999633789062,411066.0,64.46820831298828,SCG
2016-10-19,70.93000030517578,70.02999877929688,70.6500015258789,70.63999938964844,523716.0,64.51386260986328,SCG
2016-10-20,71.1500015258789,70.41999816894531,70.63999938964844,70.52999877929688,476978.0,64.41342163085938,SCG
2016-10-21,70.5999984741211,69.94999694824219,70.08999633789062,70.41000366210938,552840.0,64.3038330078125,SCG
2016-10-24,70.95999908447266,70.27999877929688,70.55000305175781,70.80999755859375,634141.0,64.66912078857422,SCG
2016-10-25,71.36499786376953,70.52999877929688,70.5999984741211,71.27999877929688,485278.0,65.09838104248047,SCG
2016-10-26,71.56999969482422,70.69000244140625,70.98999786376953,71.4800033569336,658368.0,65.28102111816406,SCG
2016-10-27,71.80000305175781,70.68000030517578,71.80000305175781,71.12999725341797,933463.0,64.96138000488281,SCG
2016-10-28,72.04000091552734,71.12000274658203,71.12999725341797,71.55000305175781,690288.0,65.34495544433594,SCG
2016-10-31,73.83000183105469,71.91999816894531,71.91999816894531,73.36000061035156,1174779.0,66.99798583984375,SCG
2016-11-01,73.30999755859375,71.67420196533203,73.30999755859375,71.72000122070312,799739.0,65.50020599365234,SCG
2016-11-02,71.56999969482422,70.52999877929688,71.56999969482422,71.0999984741211,619175.0,64.9339828491211,SCG
2016-11-03,71.44000244140625,70.5999984741211,70.77999877929688,71.01000213623047,635503.0,64.85179138183594,SCG
2016-11-04,72.23999786376953,70.95999908447266,71.55999755859375,71.01000213623047,449311.0,64.85179138183594,SCG
2016-11-07,72.2699966430664,70.48999786376953,71.44999694824219,72.23999786376953,612225.0,65.97511291503906,SCG
2016-11-08,73.5199966430664,72.2300033569336,72.44000244140625,73.26000213623047,747452.0,66.90665435791016,SCG
2016-11-09,71.38999938964844,69.88999938964844,70.94000244140625,69.97000122070312,921667.0,63.901973724365234,SCG
2016-11-10,69.94000244140625,67.30999755859375,69.68000030517578,68.93000030517578,1010987.0,62.95216751098633,SCG
2016-11-11,69.81999969482422,68.83999633789062,68.8499984741211,69.13999938964844,872086.0,63.143959045410156,SCG
2016-11-14,69.71499633789062,67.94000244140625,68.5199966430664,69.41999816894531,1038775.0,63.39967346191406,SCG
2016-11-15,71.33000183105469,69.72000122070312,69.72000122070312,70.61000061035156,902907.0,64.48648071289062,SCG
2016-11-16,71.0,69.18000030517578,70.6500015258789,69.62000274658203,451786.0,63.582332611083984,SCG
2016-11-17,70.0999984741211,69.29000091552734,69.29000091552734,69.87999725341797,492885.0,63.81977844238281,SCG
2016-11-18,70.3499984741211,69.36000061035156,69.83000183105469,69.6500015258789,676982.0,63.609737396240234,SCG
2016-11-21,70.44999694824219,69.80500030517578,69.93000030517578,70.37999725341797,474045.0,64.27641296386719,SCG
2016-11-22,71.19999694824219,70.13999938964844,70.52999877929688,71.0,463204.0,64.84265899658203,SCG
2016-11-23,70.8949966430664,69.82499694824219,70.11000061035156,69.87000274658203,567339.0,63.8106575012207,SCG
2016-11-25,71.02999877929688,70.12000274658203,70.12000274658203,71.01000213623047,254312.0,64.85179138183594,SCG
2016-11-28,72.69000244140625,71.20999908447266,71.20999908447266,72.48999786376953,569509.0,66.20343780517578,SCG
2016-11-29,73.0,72.26000213623047,72.26000213623047,72.44999694824219,683349.0,66.16690826416016,SCG
2016-11-30,71.80000305175781,70.5199966430664,71.38999938964844,70.52999877929688,956539.0,64.41342163085938,SCG
2016-12-01,70.29000091552734,69.70999908447266,70.08000183105469,70.0999984741211,1011214.0,64.02069091796875,SCG
2016-12-02,71.5,70.2699966430664,70.87999725341797,70.91999816894531,521246.0,64.76958465576172,SCG
2016-12-05,71.5,70.08000183105469,70.48999786376953,71.48999786376953,1010437.0,65.29016876220703,SCG
2016-12-06,71.79000091552734,71.08999633789062,71.52999877929688,71.61000061035156,713637.0,65.3997573852539,SCG
2016-12-07,73.16999816894531,71.8499984741211,71.8499984741211,72.9000015258789,747963.0,66.577880859375,SCG
2016-12-08,72.29000091552734,71.12000274658203,71.91000366210938,72.12999725341797,807705.0,66.39837646484375,SCG
2016-12-09,72.83999633789062,71.5199966430664,72.01000213623047,72.76000213623047,922474.0,66.97831726074219,SCG
2016-12-12,73.41000366210938,72.19999694824219,72.19999694824219,73.18000030517578,669596.0,67.36494445800781,SCG
2016-12-13,74.0199966430664,73.36000061035156,73.36000061035156,73.98999786376953,751301.0,68.11056518554688,SCG
2016-12-14,74.93000030517578,72.55000305175781,74.45999908447266,72.66999816894531,1051803.0,66.89547729492188,SCG
2016-12-15,73.12000274658203,72.0,72.30999755859375,72.94000244140625,644000.0,67.14400482177734,SCG
2016-12-16,74.36000061035156,73.11000061035156,73.11000061035156,74.02999877929688,1194212.0,68.14740753173828,SCG
2016-12-19,74.58999633789062,73.6500015258789,74.43000030517578,74.25,455277.0,68.34991455078125,SCG
2016-12-20,74.80000305175781,73.91999816894531,74.16000366210938,74.43000030517578,434660.0,68.5156021118164,SCG
2016-12-21,74.98999786376953,74.0999984741211,74.31999969482422,74.2300033569336,350140.0,68.33150482177734,SCG
2016-12-22,74.58000183105469,73.86000061035156,74.16999816894531,74.5,331269.0,68.5800552368164,SCG
2016-12-23,74.91000366210938,74.33000183105469,74.75,74.69000244140625,219807.0,68.75495147705078,SCG
2016-12-27,74.72000122070312,73.97000122070312,74.5999984741211,74.43000030517578,331134.0,68.5156021118164,SCG
2016-12-28,74.7699966430664,72.77999877929688,74.61000061035156,72.91999816894531,788363.0,67.12560272216797,SCG
2016-12-29,73.78469848632812,72.88999938964844,73.08999633789062,73.61000061035156,922774.0,67.76077270507812,SCG
2016-12-30,73.76000213623047,72.97000122070312,73.76000213623047,73.27999877929688,530561.0,67.45698547363281,SCG
2017-01-03,74.05999755859375,72.51100158691406,73.33999633789062,73.25,1157120.0,67.42937469482422,SCG
2017-01-04,73.80989837646484,73.02999877929688,73.48999786376953,73.27999877929688,790887.0,67.45698547363281,SCG
2017-01-05,73.41999816894531,72.20999908447266,73.25,72.4000015258789,1259703.0,66.64691925048828,SCG
2017-01-06,72.4000015258789,71.54499816894531,72.25,71.9000015258789,1278834.0,66.18666076660156,SCG
2017-01-09,72.07499694824219,70.62999725341797,72.05000305175781,70.93000030517578,1566578.0,65.2937240600586,SCG
2017-01-10,71.08999633789062,70.0999984741211,70.69000244140625,71.0199966430664,1356981.0,65.37657928466797,SCG
2017-01-11,71.58000183105469,70.73999786376953,71.04000091552734,71.48999786376953,772841.0,65.80923461914062,SCG
2017-01-12,72.16000366210938,71.2699966430664,71.55999755859375,71.98999786376953,1115144.0,66.26950073242188,SCG
2017-01-13,72.19999694824219,71.44999694824219,71.93000030517578,72.05999755859375,507101.0,66.33393859863281,SCG
2017-01-17,72.88999938964844,72.22000122070312,72.2300033569336,72.54000091552734,576011.0,66.77579498291016,SCG
2017-01-18,72.69999694824219,72.16000366210938,72.37000274658203,72.36000061035156,512039.0,66.61009979248047,SCG
2017-01-19,71.81999969482422,70.83000183105469,71.62999725341797,70.98999786376953,649303.0,65.34896850585938,SCG
2017-01-20,71.3499984741211,70.47000122070312,71.16000366210938,70.8499984741211,586930.0,65.22008514404297,SCG
2017-01-23,71.22000122070312,70.20999908447266,71.13999938964844,70.30000305175781,664956.0,64.71379089355469,SCG
2017-01-24,70.45999908447266,69.41000366210938,69.81999969482422,69.72000122070312,865365.0,64.17987823486328,SCG
2017-01-25,69.7699966430664,69.27999877929688,69.51000213623047,69.3499984741211,774053.0,63.83928298950195,SCG
2017-01-26,69.72000122070312,68.44999694824219,69.30000305175781,68.91000366210938,963909.0,63.43423843383789,SCG
2017-01-27,69.0999984741211,68.33000183105469,68.97000122070312,68.5,531724.0,63.056819915771484,SCG
2017-01-30,68.80000305175781,67.70999908447266,68.80000305175781,68.12999725341797,892380.0,62.716217041015625,SCG
2017-01-31,68.73999786376953,67.9800033569336,68.23999786376953,68.69999694824219,1308935.0,63.24093246459961,SCG
2017-02-01,68.69999694824219,67.5999984741211,68.22000122070312,68.27999877929688,979239.0,62.854305267333984,SCG
2017-02-02,69.33999633789062,68.08000183105469,68.41999816894531,69.16999816894531,736743.0,63.6735725402832,SCG
2017-02-03,69.88999938964844,69.08999633789062,69.38999938964844,69.69999694824219,841458.0,64.1614761352539,SCG
2017-02-06,70.08999633789062,69.20999908447266,69.9000015258789,69.48999786376953,500693.0,63.96815872192383,SCG
2017-02-07,69.72000122070312,69.23999786376953,69.61000061035156,69.4000015258789,637505.0,63.88529968261719,SCG
2017-02-08,70.31500244140625,69.61000061035156,69.61000061035156,70.25,525682.0,64.66777038574219,SCG
2017-02-09,70.51000213623047,69.12000274658203,70.11000061035156,69.1500015258789,803402.0,63.655174255371094,SCG
2017-02-10,69.4000015258789,68.87000274658203,69.05999755859375,69.2699966430664,902958.0,63.765625,SCG
2017-02-13,70.08999633789062,69.0,69.16000366210938,70.02999877929688,1803082.0,64.4652328491211,SCG
2017-02-14,68.80000305175781,66.5,68.19000244140625,66.86000061035156,1936821.0,61.54713439941406,SCG
2017-02-15,67.5,65.08000183105469,66.1500015258789,67.47000122070312,1735680.0,62.108673095703125,SCG
2017-02-16,68.06999969482422,66.19999694824219,67.01000213623047,67.31999969482422,1527917.0,61.97059631347656,SCG
2017-02-17,67.55000305175781,65.12999725341797,67.41000366210938,65.6500015258789,1555081.0,60.43329620361328,SCG
2017-02-21,67.05999755859375,65.12000274658203,65.58000183105469,66.95999908447266,1042606.0,61.639198303222656,SCG
2017-02-22,68.08000183105469,66.70999908447266,67.0,67.94000244140625,1210656.0,62.54133224487305,SCG
2017-02-23,69.19999694824219,68.13500213623047,68.1500015258789,68.94000244140625,905208.0,63.46186065673828,SCG
2017-02-24,69.33999633789062,68.45999908447266,69.27999877929688,68.91999816894531,880212.0,63.44344711303711,SCG
2017-02-27,68.95999908447266,68.43000030517578,68.93000030517578,68.54000091552734,470916.0,63.09364700317383,SCG
2017-02-28,69.4800033569336,68.51000213623047,68.62999725341797,69.3499984741211,1040545.0,63.83928298950195,SCG
2017-03-01,69.11000061035156,68.12200164794922,68.18000030517578,68.77999877929688,1033961.0,63.314579010009766,SCG
2017-03-02,70.4000015258789,68.47000122070312,68.55000305175781,69.9800033569336,1019395.0,64.41921997070312,SCG
2017-03-03,70.94000244140625,70.01000213623047,70.7300033569336,70.5,1452049.0,64.89790344238281,SCG
2017-03-06,70.69499969482422,70.02999877929688,70.41999816894531,70.41999816894531,633611.0,64.82425689697266,SCG
2017-03-07,70.56999969482422,69.76000213623047,70.25,69.80999755859375,833064.0,64.26274108886719,SCG
2017-03-08,69.0199966430664,67.7699966430664,68.5,67.9800033569336,966681.0,63.132049560546875,SCG
2017-03-09,68.55000305175781,67.31999969482422,68.0,67.33999633789062,997497.0,62.537689208984375,SCG
2017-03-10,68.12000274658203,67.22000122070312,67.55000305175781,67.41999816894531,1136954.0,62.611995697021484,SCG
2017-03-13,67.9000015258789,67.19999694824219,67.47000122070312,67.5999984741211,1769262.0,62.77915954589844,SCG
2017-03-14,67.87999725341797,67.19999694824219,67.5999984741211,67.44999694824219,923377.0,62.639854431152344,SCG
2017-03-15,69.05999755859375,67.48999786376953,67.72000122070312,68.75,890483.0,63.847145080566406,SCG
2017-03-16,68.7300033569336,67.45999908447266,68.62000274658203,67.68000030517578,746318.0,62.85344314575195,SCG
2017-03-17,68.33000183105469,67.6500015258789,67.87000274658203,67.87999725341797,1969159.0,63.039180755615234,SCG
2017-03-20,68.12999725341797,67.36000061035156,67.98999786376953,67.43000030517578,714960.0,62.62128448486328,SCG
2017-03-21,68.54000091552734,67.19000244140625,67.62000274658203,68.2699966430664,972407.0,63.40138244628906,SCG
2017-03-22,68.83999633789062,67.4000015258789,68.56999969482422,67.73999786376953,1263501.0,62.90916442871094,SCG
2017-03-23,67.80999755859375,66.38999938964844,67.54000091552734,66.70999908447266,1696889.0,61.95262145996094,SCG
2017-03-24,67.47000122070312,66.37999725341797,66.80000305175781,66.91000366210938,1123486.0,62.138362884521484,SCG
2017-03-27,67.30999755859375,66.16339874267578,67.1500015258789,66.45999908447266,1038543.0,61.72045135498047,SCG
2017-03-28,66.76000213623047,65.93000030517578,66.5,66.13999938964844,1241730.0,61.42326736450195,SCG
2017-03-29,65.98500061035156,64.19999694824219,65.97000122070312,65.66000366210938,3049678.0,60.977508544921875,SCG
2017-03-30,65.69000244140625,64.94499969482422,65.4800033569336,65.55000305175781,1173558.0,60.87535095214844,SCG
2017-03-31,65.68000030517578,65.30069732666016,65.55000305175781,65.3499984741211,1418722.0,60.689605712890625,SCG
2017-04-03,65.98999786376953,64.79000091552734,65.3499984741211,65.83999633789062,1513825.0,61.14466094970703,SCG
2017-04-04,66.5199966430664,65.58999633789062,65.8499984741211,66.12000274658203,1328261.0,61.40470504760742,SCG
2017-04-05,66.88999938964844,65.91999816894531,66.13999938964844,66.75,2524190.0,61.98977279663086,SCG
2017-04-06,66.68000030517578,66.16999816894531,66.62999725341797,66.30000305175781,837538.0,61.571861267089844,SCG
2017-04-07,66.5199966430664,65.31999969482422,66.3499984741211,65.4000015258789,2051315.0,60.736045837402344,SCG
2017-04-10,65.66000366210938,65.13999938964844,65.45999908447266,65.5199966430664,658378.0,60.84748077392578,SCG
2017-04-11,65.54000091552734,65.0999984741211,65.43000030517578,65.30000305175781,745245.0,60.64318084716797,SCG
2017-04-12,66.2300033569336,64.98999786376953,65.22000122070312,66.22000122070312,1536388.0,61.49756622314453,SCG
2017-04-13,66.25,65.33000183105469,66.19000244140625,65.80000305175781,1075503.0,61.10751724243164,SCG
2017-04-17,66.3499984741211,65.87999725341797,66.0,66.30000305175781,658636.0,61.571861267089844,SCG
2017-04-18,66.75,66.04000091552734,66.31999969482422,66.69999694824219,800559.0,61.94332504272461,SCG
2017-04-19,66.81999969482422,66.34500122070312,66.58000183105469,66.61000061035156,884967.0,61.85976028442383,SCG
2017-04-20,66.5199966430664,65.72000122070312,66.5199966430664,66.04000091552734,1109696.0,61.33041000366211,SCG
2017-04-21,66.63999938964844,65.98999786376953,65.98999786376953,66.2699966430664,876373.0,61.544002532958984,SCG
2017-04-24,66.76000213623047,65.83999633789062,66.2699966430664,66.75,960458.0,61.98977279663086,SCG
2017-04-25,66.98999786376953,66.20999908447266,66.48999786376953,66.8499984741211,1070529.0,62.0826301574707,SCG
2017-04-26,67.47000122070312,66.7300033569336,66.80000305175781,66.95999908447266,1154607.0,62.18479537963867,SCG
2017-04-27,67.87000274658203,66.9209976196289,66.95999908447266,67.23999786376953,1300812.0,62.44482421875,SCG
2017-04-28,67.22000122070312,66.02999877929688,67.19999694824219,66.30999755859375,1414408.0,61.58115005493164,SCG
2017-05-01,66.73999786376953,65.02999877929688,66.41999816894531,65.44000244140625,1259326.0,60.77320098876953,SCG
2017-05-02,65.91000366210938,65.3499984741211,65.5,65.58999633789062,766851.0,60.91249084472656,SCG
2017-05-03,65.4800033569336,64.70999908447266,65.44000244140625,64.87999725341797,1051831.0,60.25312805175781,SCG
2017-05-04,65.31500244140625,64.4800033569336,64.5999984741211,64.91999816894531,1878351.0,60.29027557373047,SCG
2017-05-05,65.98999786376953,65.0999984741211,65.16000366210938,65.94000244140625,1362845.0,61.23753356933594,SCG
2017-05-08,66.3499984741211,65.56999969482422,66.08000183105469,66.30000305175781,1152087.0,61.571861267089844,SCG
2017-05-09,66.19999694824219,65.26000213623047,66.19999694824219,65.51000213623047,1064708.0,60.83820343017578,SCG
2017-05-10,65.61000061035156,65.05000305175781,65.5,65.11000061035156,895513.0,60.46672821044922,SCG
2017-05-11,65.48999786376953,64.81999969482422,65.08999633789062,65.48999786376953,1004593.0,60.81962966918945,SCG
2017-05-12,65.6449966430664,64.94000244140625,65.5,65.11000061035156,758842.0,60.46672821044922,SCG
2017-05-15,65.91000366210938,65.12999725341797,65.30000305175781,65.6500015258789,881079.0,60.96821212768555,SCG
2017-05-16,65.66999816894531,65.05000305175781,65.5199966430664,65.12999725341797,1149548.0,60.48529815673828,SCG
2017-05-17,65.52999877929688,64.86000061035156,65.16999816894531,65.05000305175781,728145.0,60.4110107421875,SCG
2017-05-18,65.4800033569336,64.5199966430664,65.19000244140625,64.98999786376953,1002638.0,60.355289459228516,SCG
2017-05-19,65.80000305175781,64.6449966430664,64.94999694824219,65.52999877929688,3317904.0,60.85677719116211,SCG
2017-05-22,65.68000030517578,65.06999969482422,65.30999755859375,65.41999816894531,756255.0,60.754615783691406,SCG
2017-05-23,66.16000366210938,65.47000122070312,65.52999877929688,66.08000183105469,819211.0,61.367557525634766,SCG
2017-05-24,67.79000091552734,66.05000305175781,66.0999984741211,67.4000015258789,1239665.0,62.59341049194336,SCG
2017-05-25,67.95999908447266,67.0250015258789,67.44999694824219,67.8499984741211,988699.0,63.01133346557617,SCG
2017-05-26,68.20999908447266,67.70999908447266,67.95999908447266,67.86000061035156,774259.0,63.02060317993164,SCG
2017-05-30,68.0199966430664,67.51000213623047,67.66000366210938,67.66999816894531,1128142.0,62.84416198730469,SCG
2017-05-31,68.44000244140625,67.73999786376953,67.73999786376953,68.19999694824219,1067691.0,63.33636474609375,SCG
2017-06-01,68.62000274658203,67.62999725341797,68.18000030517578,68.62000274658203,829179.0,63.726417541503906,SCG
2017-06-02,68.93000030517578,68.21800231933594,68.93000030517578,68.62999725341797,707417.0,63.735694885253906,SCG
2017-06-05,68.61000061035156,67.93499755859375,68.5999984741211,68.1500015258789,712817.0,63.28993606567383,SCG
2017-06-06,68.31999969482422,67.80999755859375,68.22000122070312,67.83999633789062,1150155.0,63.00202941894531,SCG
2017-06-07,68.77999877929688,67.74500274658203,67.98999786376953,68.69000244140625,796010.0,63.79143524169922,SCG
2017-06-08,68.11000061035156,67.0999984741211,68.0999984741211,67.87999725341797,1083992.0,63.606353759765625,SCG
2017-06-09,68.19000244140625,67.38999938964844,67.58000183105469,68.05000305175781,845829.0,63.765655517578125,SCG
2017-06-12,69.27999877929688,68.27999877929688,68.83999633789062,69.11000061035156,1565946.0,64.75891876220703,SCG
2017-06-13,69.58999633789062,68.76000213623047,68.97000122070312,69.33999633789062,715708.0,64.97443389892578,SCG
2017-06-14,70.11000061035156,69.13999938964844,69.81999969482422,69.47000122070312,697989.0,65.09625244140625,SCG
2017-06-15,70.16000366210938,69.18000030517578,69.18000030517578,70.0,657203.0,65.59288787841797,SCG
2017-06-16,71.25,70.08000183105469,70.13999938964844,71.22000122070312,1575187.0,66.73607635498047,SCG
2017-06-19,71.16000366210938,70.43499755859375,71.16000366210938,70.75,561387.0,66.295654296875,SCG
2017-06-20,71.27999877929688,70.53759765625,70.80999755859375,71.08999633789062,623397.0,66.6142578125,SCG
2017-06-21,71.13999938964844,70.1050033569336,71.08000183105469,70.18000030517578,529238.0,65.76154327392578,SCG
2017-06-22,70.43000030517578,69.69000244140625,70.20999908447266,69.70999908447266,479711.0,65.32113647460938,SCG
2017-06-23,69.91000366210938,69.29000091552734,69.69999694824219,69.44999694824219,545811.0,65.07749938964844,SCG
2017-06-26,70.05000305175781,69.27999877929688,69.47000122070312,69.68000030517578,521672.0,65.29302978515625,SCG
2017-06-27,69.56999969482422,68.47000122070312,69.29000091552734,68.69000244140625,522968.0,64.36536407470703,SCG
2017-06-28,69.23999786376953,67.9800033569336,69.11000061035156,68.01000213623047,575019.0,63.728172302246094,SCG
2017-06-29,67.95999908447266,67.30999755859375,67.5,67.61000061035156,865753.0,63.35335159301758,SCG
2017-06-30,67.91000366210938,66.80999755859375,67.68000030517578,67.01000213623047,850149.0,62.791133880615234,SCG
2017-07-03,67.98999786376953,67.0999984741211,67.26000213623047,67.1500015258789,543576.0,62.92231750488281,SCG
2017-07-05,67.30999755859375,66.51000213623047,67.12000274658203,66.81999969482422,679710.0,62.613094329833984,SCG
2017-07-06,66.73999786376953,66.2300033569336,66.62000274658203,66.4000015258789,613422.0,62.21953582763672,SCG
2017-07-07,66.0999984741211,64.66999816894531,65.97000122070312,65.0199966430664,1331501.0,60.926414489746094,SCG
2017-07-10,65.12999725341797,63.73500061035156,64.94000244140625,63.75,1368002.0,59.73637390136719,SCG
2017-07-11,64.16000366210938,63.29999923706055,63.93000030517578,63.779998779296875,813412.0,59.76448440551758,SCG
2017-07-12,64.36000061035156,63.630001068115234,64.2300033569336,63.900001525878906,740714.0,59.876930236816406,SCG
2017-07-13,63.93000030517578,63.43000030517578,63.83000183105469,63.470001220703125,685385.0,59.474002838134766,SCG
2017-07-14,64.07499694824219,63.29999923706055,63.91999816894531,63.349998474121094,1136131.0,59.36155319213867,SCG
2017-07-17,64.19999694824219,63.18000030517578,63.310001373291016,64.05000305175781,972639.0,60.017486572265625,SCG
2017-07-18,64.44999694824219,63.79999923706055,64.19000244140625,64.30000305175781,669045.0,60.25175094604492,SCG
2017-07-19,64.5199966430664,63.86000061035156,64.45999908447266,64.30000305175781,1041264.0,60.25175094604492,SCG
2017-07-20,64.8499984741211,64.37999725341797,64.44999694824219,64.72000122070312,534728.0,60.64529800415039,SCG
2017-07-21,65.62999725341797,64.76000213623047,65.01000213623047,65.61000061035156,715453.0,61.47927474975586,SCG
2017-07-24,65.91000366210938,64.5199966430664,65.66000366210938,64.55999755859375,685223.0,60.49537658691406,SCG
2017-07-25,64.69000244140625,64.08000183105469,64.5,64.55999755859375,602085.0,60.49537658691406,SCG
2017-07-26,65.29000091552734,64.29000091552734,64.56999969482422,65.27999877929688,1188813.0,61.170047760009766,SCG
2017-07-27,65.69999694824219,64.73999786376953,65.01000213623047,65.63999938964844,970842.0,61.50738525390625,SCG
2017-07-28,65.37000274658203,61.060001373291016,65.22000122070312,61.290000915527344,2473753.0,57.43125534057617,SCG
2017-07-31,65.16999816894531,60.0,61.189998626708984,64.37000274658203,4787190.0,60.31734085083008,SCG
2017-08-01,68.3499984741211,64.55000305175781,64.80999755859375,67.55999755859375,5332336.0,63.30650329589844,SCG
2017-08-02,67.55989837646484,66.80999755859375,67.37000274658203,67.1500015258789,2289869.0,62.92231750488281,SCG
2017-08-03,67.87999725341797,64.8499984741211,67.87999725341797,65.33999633789062,2380279.0,61.22626876831055,SCG
2017-08-04,65.0999984741211,63.36000061035156,64.8499984741211,63.790000915527344,1758337.0,59.77385711669922,SCG
2017-08-07,63.93000030517578,62.90999984741211,63.79999923706055,63.279998779296875,1588855.0,59.29595947265625,SCG
2017-08-08,63.65999984741211,62.7400016784668,63.15999984741211,63.650001525878906,1128567.0,59.64267349243164,SCG
2017-08-09,63.689998626708984,62.369998931884766,63.689998626708984,62.70000076293945,1638931.0,58.752479553222656,SCG
2017-08-10,62.849998474121094,61.72999954223633,62.75,62.0099983215332,1095701.0,58.10592269897461,SCG
2017-08-11,62.0099983215332,60.04999923706055,62.0099983215332,60.689998626708984,1719131.0,56.869022369384766,SCG
2017-08-14,61.880001068115234,60.56999969482422,60.66999816894531,61.810001373291016,849156.0,57.918514251708984,SCG
2017-08-15,61.959999084472656,61.029998779296875,61.56999969482422,61.790000915527344,788873.0,57.899776458740234,SCG
2017-08-16,62.221099853515625,61.599998474121094,61.939998626708984,62.04999923706055,751157.0,58.143402099609375,SCG
2017-08-17,62.0099983215332,60.939998626708984,62.0099983215332,60.939998626708984,1111677.0,57.1032829284668,SCG
2017-08-18,61.310001373291016,60.45000076293945,61.0,60.83000183105469,1268476.0,57.00021743774414,SCG
2017-08-21,60.96900177001953,60.029998779296875,60.93000030517578,60.5099983215332,1239469.0,56.70035934448242,SCG
2017-08-22,60.63999938964844,59.86000061035156,60.560001373291016,60.36000061035156,1323881.0,56.5598030090332,SCG
2017-08-23,60.130001068115234,59.4900016784668,60.040000915527344,60.0099983215332,1300669.0,56.23183822631836,SCG
2017-08-24,60.36000061035156,59.34000015258789,59.95000076293945,60.189998626708984,1403745.0,56.400508880615234,SCG
2017-08-25,60.64500045776367,59.689998626708984,60.22999954223633,60.08000183105469,1032292.0,56.29743194580078,SCG
2017-08-28,60.84199905395508,59.9900016784668,60.63999938964844,60.59000015258789,1478338.0,56.77532196044922,SCG
2017-08-29,60.349998474121094,59.775001525878906,60.349998474121094,59.939998626708984,1253527.0,56.1662483215332,SCG
2017-08-30,60.09000015258789,59.47999954223633,59.970001220703125,59.75,712422.0,55.98820495605469,SCG
2017-08-31,60.5,59.689998626708984,59.79999923706055,60.380001068115234,1057693.0,56.57855224609375,SCG
2017-09-01,60.77000045776367,59.86000061035156,60.560001373291016,60.13999938964844,866262.0,56.35365676879883,SCG
2017-09-05,60.59000015258789,59.369998931884766,60.41999816894531,59.849998474121094,1203019.0,56.0819091796875,SCG
2017-09-06,60.060001373291016,59.09000015258789,60.02000045776367,60.029998779296875,2352057.0,56.250587463378906,SCG
2017-09-07,60.2400016784668,59.220001220703125,60.2400016784668,59.58000183105469,897728.0,55.82891845703125,SCG
2017-09-08,59.290000915527344,58.54999923706055,58.95000076293945,59.22999954223633,795713.0,56.07744216918945,SCG
2017-09-11,59.689998626708984,59.11000061035156,59.20000076293945,59.630001068115234,638913.0,56.456153869628906,SCG
2017-09-12,59.58000183105469,58.7400016784668,59.58000183105469,59.060001373291016,999463.0,55.9164924621582,SCG
2017-09-13,59.540000915527344,58.77000045776367,59.0,59.189998626708984,980809.0,56.03956985473633,SCG
2017-09-14,59.619998931884766,58.7599983215332,59.13999938964844,59.619998931884766,805528.0,56.446685791015625,SCG
2017-09-15,59.86000061035156,59.040000915527344,59.5,59.84000015258789,1480625.0,56.65497589111328,SCG
2017-09-18,59.650001525878906,58.010398864746094,59.5,58.72999954223633,1209063.0,55.60404968261719,SCG
2017-09-19,58.7599983215332,58.0,58.709999084472656,58.209999084472656,839468.0,55.111732482910156,SCG
2017-09-20,58.630001068115234,57.5,58.54999923706055,57.79999923706055,953453.0,54.72355270385742,SCG
2017-09-21,57.97999954223633,57.0713996887207,57.709999084472656,57.18000030517578,1006574.0,54.13655471801758,SCG
2017-09-22,57.18000030517578,55.150001525878906,57.18000030517578,55.220001220703125,1832683.0,52.28087615966797,SCG
2017-09-25,56.375,55.0,55.11000061035156,56.31999969482422,1839939.0,53.32232666015625,SCG
2017-09-26,56.2599983215332,54.400001525878906,56.25,55.56999969482422,2161599.0,52.612247467041016,SCG
2017-09-27,55.252498626708984,51.04499816894531,55.060001373291016,51.220001220703125,3959554.0,48.493778228759766,SCG
2017-09-28,51.16999816894531,49.369998931884766,50.90999984741211,50.9900016784668,4378247.0,48.27602767944336,SCG
2017-09-29,50.22999954223633,48.31999969482422,50.22999954223633,48.4900016784668,4065666.0,45.90908432006836,SCG
2017-10-02,49.235801696777344,48.2400016784668,48.459999084472656,48.58000183105469,3299379.0,45.994300842285156,SCG
2017-10-03,48.869998931884766,47.959999084472656,48.869998931884766,48.54999923706055,2244452.0,45.96588897705078,SCG
2017-10-04,48.470001220703125,47.79999923706055,48.290000915527344,48.41999816894531,2326698.0,45.84280776977539,SCG
2017-10-05,48.45000076293945,47.845001220703125,48.41999816894531,48.43000030517578,1894564.0,45.8522834777832,SCG
2017-10-06,48.40999984741211,47.81999969482422,48.11000061035156,48.36000061035156,2627031.0,45.78600311279297,SCG
2017-10-09,49.16999816894531,48.349998474121094,48.560001373291016,48.79999923706055,1632539.0,46.20258712768555,SCG
2017-10-10,49.45000076293945,48.68000030517578,48.849998474121094,49.11000061035156,1293683.0,46.49608612060547,SCG
2017-10-11,49.900001525878906,49.150001525878906,49.15999984741211,49.58000183105469,1340554.0,46.941070556640625,SCG
2017-10-12,49.869998931884766,49.29999923706055,49.540000915527344,49.599998474121094,1476158.0,46.959999084472656,SCG
2017-10-13,50.220001220703125,49.5099983215332,49.70000076293945,49.849998474121094,2038223.0,47.19669723510742,SCG
2017-10-16,49.97999954223633,49.060001373291016,49.83000183105469,49.16999816894531,1289283.0,46.55289077758789,SCG
2017-10-17,49.189998626708984,48.060001373291016,48.599998474121094,49.130001068115234,1700723.0,46.51502227783203,SCG
2017-10-18,49.310001373291016,48.83000183105469,49.119998931884766,49.130001068115234,921337.0,46.51502227783203,SCG
2017-10-19,49.630001068115234,48.130001068115234,49.09000015258789,48.650001525878906,2323857.0,46.060577392578125,SCG
2017-10-20,49.06999969482422,48.400001525878906,48.709999084472656,49.040000915527344,1656049.0,46.429813385009766,SCG
2017-10-23,49.16999816894531,48.029998779296875,49.0099983215332,48.349998474121094,1569513.0,45.77653503417969,SCG
2017-10-24,48.380001068115234,47.7599983215332,48.33000183105469,48.290000915527344,1557050.0,45.71973419189453,SCG
2017-10-25,48.09000015258789,46.400001525878906,48.09000015258789,47.56999969482422,2558478.0,45.038055419921875,SCG
2017-10-26,48.150001525878906,47.0,47.2599983215332,47.83000183105469,1995340.0,45.28421401977539,SCG
2017-10-27,47.689998626708984,45.36000061035156,47.47999954223633,46.5,2793393.0,44.025001525878906,SCG
2017-10-30,46.900001525878906,45.650001525878906,46.400001525878906,45.90999984741211,2367106.0,43.466407775878906,SCG
2017-10-31,46.2400016784668,42.75,45.93000030517578,43.13999938964844,4057930.0,40.843841552734375,SCG
2017-11-01,43.630001068115234,42.56999969482422,43.220001220703125,42.630001068115234,2373094.0,40.360992431640625,SCG
2017-11-02,42.72999954223633,41.150001525878906,42.599998474121094,42.0099983215332,3120910.0,39.77398681640625,SCG
2017-11-03,42.599998474121094,41.65999984741211,42.0,41.66999816894531,2703034.0,39.452083587646484,SCG
2017-11-06,44.25,41.720001220703125,41.83000183105469,43.900001525878906,3786663.0,41.563392639160156,SCG
2017-11-07,45.2599983215332,43.68000030517578,44.02000045776367,44.529998779296875,2824792.0,42.15985870361328,SCG
2017-11-08,44.86000061035156,43.08000183105469,44.45000076293945,43.22999954223633,2412712.0,40.92905044555664,SCG
2017-11-09,45.47999954223633,43.040000915527344,43.09000015258789,44.599998474121094,2367512.0,42.226131439208984,SCG
2017-11-10,44.59000015258789,43.66999816894531,44.400001525878906,43.939998626708984,2392739.0,41.60125732421875,SCG
2017-11-13,44.650001525878906,43.45000076293945,43.959999084472656,44.599998474121094,2035163.0,42.226131439208984,SCG
2017-11-14,44.58000183105469,44.04999923706055,44.40999984741211,44.5,2339290.0,42.1314582824707,SCG
2017-11-15,45.0,44.380001068115234,44.68000030517578,44.38999938964844,1809474.0,42.027313232421875,SCG
2017-11-16,46.88999938964844,44.400001525878906,45.22999954223633,45.0,5329800.0,42.60483932495117,SCG
2017-11-17,45.11000061035156,43.349998474121094,44.869998931884766,43.45000076293945,3149974.0,41.13734436035156,SCG
2017-11-20,43.400001525878906,42.470001220703125,43.29999923706055,42.66999816894531,2183224.0,40.39885711669922,SCG
2017-11-21,43.540000915527344,42.650001525878906,42.65999984741211,43.400001525878906,1661764.0,41.09000778198242,SCG
2017-11-22,43.779998779296875,42.95249938964844,43.459999084472656,43.4900016784668,1239825.0,41.17521667480469,SCG
2017-11-24,43.65999984741211,41.720001220703125,43.529998779296875,41.86000061035156,1335475.0,39.6319694519043,SCG
2017-11-27,42.66999816894531,41.529998779296875,41.9900016784668,42.619998931884766,1990801.0,40.35152053833008,SCG
2017-11-28,43.9031982421875,42.84000015258789,42.84000015258789,43.52000045776367,2698307.0,41.20361328125,SCG
2017-11-29,44.5099983215332,43.2599983215332,43.29999923706055,43.7400016784668,2250119.0,41.41190719604492,SCG
2017-11-30,44.5099983215332,43.0,43.91999816894531,43.16999816894531,3216377.0,40.87224578857422,SCG
2017-12-01,44.70000076293945,43.241600036621094,43.34000015258789,44.2599983215332,2320098.0,41.904232025146484,SCG
2017-12-04,44.47999954223633,43.689998626708984,44.45000076293945,44.33000183105469,1925541.0,41.97050476074219,SCG
2017-12-05,44.459999084472656,42.36000061035156,44.310001373291016,43.5,2111069.0,41.1846809387207,SCG
2017-12-06,43.90999984741211,42.90999984741211,43.619998931884766,43.779998779296875,2469281.0,41.44977951049805,SCG
2017-12-07,44.36000061035156,43.5099983215332,43.56999969482422,44.349998474121094,1786884.0,41.989437103271484,SCG
2017-12-08,45.779998779296875,44.20000076293945,44.310001373291016,45.779998779296875,2443156.0,43.343326568603516,SCG
2017-12-11,44.9900016784668,41.849998474121094,44.93000030517578,42.380001068115234,3575232.0,40.66840744018555,SCG
2017-12-12,43.83000183105469,42.29999923706055,42.29999923706055,42.790000915527344,2982652.0,41.06184768676758,SCG
2017-12-13,42.8849983215332,42.08000183105469,42.75,42.529998779296875,2676913.0,40.81234359741211,SCG
2017-12-14,43.869998931884766,42.150001525878906,42.540000915527344,42.779998779296875,1933665.0,41.052249908447266,SCG
2017-12-15,45.5,43.11000061035156,43.11000061035156,44.41999816894531,8213926.0,42.626014709472656,SCG
2017-12-18,44.45000076293945,42.45000076293945,44.41999816894531,42.97999954223633,3256178.0,41.24417495727539,SCG
2017-12-19,43.470001220703125,41.810001373291016,43.06999969482422,41.900001525878906,1984770.0,40.20779037475586,SCG
2017-12-20,42.029998779296875,40.79999923706055,41.900001525878906,41.31999969482422,2107785.0,39.65121841430664,SCG
2017-12-21,41.400001525878906,37.369998931884766,41.20000076293945,37.38999938964844,5863335.0,35.879940032958984,SCG
2017-12-22,39.2599983215332,37.095001220703125,37.349998474121094,39.0099983215332,3379877.0,37.43450927734375,SCG
2017-12-26,40.29999923706055,38.9900016784668,39.16999816894531,39.09000015258789,1740774.0,37.51128005981445,SCG
2017-12-27,39.95000076293945,39.2599983215332,39.2599983215332,39.47999954223633,1315758.0,37.885528564453125,SCG
2017-12-28,39.814998626708984,39.1349983215332,39.61000061035156,39.720001220703125,1309209.0,38.11583709716797,SCG
2017-12-29,40.0,39.47999954223633,39.77000045776367,39.779998779296875,1137534.0,38.17341232299805,SCG
2018-01-02,39.97999954223633,38.06999969482422,39.93000030517578,38.869998931884766,2932313.0,37.300167083740234,SCG
2018-01-03,49.39950180053711,47.119998931884766,47.75,47.650001525878906,19006353.0,45.72557067871094,SCG
2018-01-04,48.2599983215332,46.0099983215332,47.650001525878906,46.33000183105469,9295314.0,44.458885192871094,SCG
2018-01-05,46.439998626708984,44.5099983215332,46.31999969482422,45.02000045776367,5796481.0,43.201786041259766,SCG
2018-01-08,45.599998474121094,44.869998931884766,45.040000915527344,45.52000045776367,3236620.0,43.68159484863281,SCG
2018-01-09,45.7400016784668,44.68000030517578,45.459999084472656,44.79999923706055,2255677.0,42.99066925048828,SCG
2018-01-10,45.0,43.619998931884766,44.29999923706055,44.2599983215332,2328949.0,42.472476959228516,SCG
2018-01-11,45.2599983215332,44.279998779296875,44.599998474121094,44.5099983215332,2080458.0,42.71238327026367,SCG
2018-01-12,44.66999816894531,43.9900016784668,44.459999084472656,44.04999923706055,1622130.0,42.27096176147461,SCG
2018-01-16,44.29999923706055,42.02000045776367,44.04999923706055,42.310001373291016,3117615.0,40.601234436035156,SCG
2018-01-17,42.93000030517578,42.11000061035156,42.25,42.529998779296875,1885007.0,40.81234359741211,SCG
2018-01-18,42.95000076293945,41.5099983215332,42.47999954223633,42.470001220703125,2401581.0,40.7547721862793,SCG
2018-01-19,43.349998474121094,41.869998931884766,42.630001068115234,43.349998474121094,2640205.0,41.5992317199707,SCG
2018-01-22,43.694000244140625,43.13999938964844,43.400001525878906,43.36000061035156,2581295.0,41.608829498291016,SCG
2018-01-23,43.9900016784668,40.63999938964844,43.13999938964844,41.15999984741211,4123491.0,39.497676849365234,SCG
2018-01-24,41.5,40.349998474121094,41.290000915527344,40.720001220703125,3641390.0,39.0754508972168,SCG
2018-01-25,42.0,40.529998779296875,40.58000183105469,42.0,3046783.0,40.30375289916992,SCG
2018-01-26,43.45000076293945,41.18000030517578,41.810001373291016,43.43000030517578,2159224.0,41.676002502441406,SCG
2018-01-29,43.900001525878906,42.97999954223633,43.29999923706055,43.310001373291016,1920047.0,41.56084442138672,SCG
2018-01-30,43.529998779296875,40.36000061035156,43.15999984741211,40.7400016784668,2409446.0,39.094642639160156,SCG
2018-01-31,41.130001068115234,39.220001220703125,40.81999969482422,40.63999938964844,5780926.0,38.99867630004883,SCG
2018-02-01,40.849998474121094,38.79999923706055,40.560001373291016,39.06999969482422,4154876.0,37.49208068847656,SCG
2018-02-02,39.650001525878906,38.2599983215332,38.720001220703125,39.16999816894531,2659891.0,37.588043212890625,SCG
2018-02-05,39.810001373291016,37.439998626708984,39.130001068115234,37.439998626708984,2710401.0,35.92791748046875,SCG
2018-02-06,38.2599983215332,35.310001373291016,37.11000061035156,37.619998931884766,3728358.0,36.10064697265625,SCG
2018-02-07,38.77000045776367,35.93000030517578,37.59000015258789,36.65999984741211,2570593.0,35.179420471191406,SCG
2018-02-08,37.279998779296875,35.5,36.65999984741211,35.599998474121094,1621198.0,34.162227630615234,SCG
2018-02-09,36.7400016784668,35.04100036621094,36.220001220703125,36.29999923706055,1690581.0,34.83395767211914,SCG
2018-02-12,36.650001525878906,34.7599983215332,36.47999954223633,35.65999984741211,2519861.0,34.21980667114258,SCG
2018-02-13,36.22999954223633,34.838600158691406,35.4900016784668,36.02000045776367,1871860.0,34.565269470214844,SCG
2018-02-14,36.72999954223633,35.5099983215332,35.79999923706055,36.47999954223633,1452046.0,35.00668716430664,SCG
2018-02-15,37.27000045776367,36.08000183105469,36.599998474121094,37.209999084472656,1007266.0,35.70720672607422,SCG
2018-02-16,38.0,36.869998931884766,37.04999923706055,37.709999084472656,1509017.0,36.18701171875,SCG
2018-02-20,37.720001220703125,36.599998474121094,37.52000045776367,36.939998626708984,1163946.0,35.44811248779297,SCG
2018-02-21,37.38999938964844,36.279998779296875,36.86000061035156,36.290000915527344,1342546.0,34.824363708496094,SCG
2018-02-22,40.099998474121094,36.59000015258789,36.95000076293945,39.93000030517578,2593495.0,38.31735610961914,SCG
2018-02-23,39.779998779296875,38.77000045776367,39.779998779296875,39.290000915527344,1198821.0,37.70320129394531,SCG
2018-02-26,40.33000183105469,38.7599983215332,38.81999969482422,39.97999954223633,1106063.0,38.365333557128906,SCG
2018-02-27,40.47999954223633,39.5099983215332,39.97999954223633,39.93000030517578,947291.0,38.31735610961914,SCG
2018-02-28,40.25,39.5,40.0099983215332,39.66999816894531,1231610.0,38.06785583496094,SCG
2018-03-01,40.43000030517578,38.91999816894531,39.70000076293945,39.7599983215332,1785580.0,38.154212951660156,SCG
2018-03-02,39.970001220703125,39.0,39.47999954223633,39.650001525878906,1212334.0,38.04866409301758,SCG
2018-03-05,40.959999084472656,39.599998474121094,39.61000061035156,40.72999954223633,1436360.0,39.08504104614258,SCG
2018-03-06,40.9900016784668,39.61000061035156,40.709999084472656,40.959999084472656,1315520.0,39.30575942993164,SCG
2018-03-07,41.779998779296875,40.4900016784668,40.56999969482422,41.63999938964844,1479021.0,39.958290100097656,SCG
2018-03-08,41.95000076293945,41.040000915527344,41.83000183105469,41.20000076293945,1569386.0,39.53606033325195,SCG
2018-03-09,40.625,38.869998931884766,40.279998779296875,39.130001068115234,1632573.0,38.1163215637207,SCG
2018-03-12,39.349998474121094,38.2400016784668,39.310001373291016,39.08000183105469,1712991.0,38.06761932373047,SCG
2018-03-13,39.45000076293945,38.619998931884766,39.310001373291016,39.0,1023856.0,37.98969268798828,SCG
2018-03-14,39.90999984741211,38.93000030517578,39.04999923706055,39.41999816894531,839311.0,38.398807525634766,SCG
2018-03-15,40.68000030517578,39.40999984741211,39.47999954223633,40.380001068115234,1159910.0,39.33393859863281,SCG
2018-03-16,40.564998626708984,39.724998474121094,40.25,40.209999084472656,3975369.0,39.16834259033203,SCG
2018-03-19,40.43000030517578,38.27000045776367,40.279998779296875,39.119998931884766,1678125.0,38.1065788269043,SCG
2018-03-20,39.40999984741211,38.400001525878906,39.349998474121094,38.68000030517578,795489.0,37.677978515625,SCG
2018-03-21,38.889198303222656,37.38999938964844,38.75,37.41999816894531,1227626.0,36.45061492919922,SCG
2018-03-22,38.900001525878906,37.27000045776367,37.540000915527344,37.7400016784668,1691229.0,36.7623291015625,SCG
2018-03-23,38.400001525878906,37.099998474121094,38.029998779296875,37.2599983215332,1192904.0,36.29476547241211,SCG
2018-03-26,37.45500183105469,36.759300231933594,37.40999984741211,37.0,851334.0,36.041500091552734,SCG
2018-03-27,38.25,36.880001068115234,37.0099983215332,37.22999954223633,1312578.0,36.265541076660156,SCG
2018-03-28,37.38999938964844,36.08000183105469,36.880001068115234,37.33000183105469,1794561.0,36.362953186035156,SCG
2018-03-29,37.75,35.36000061035156,36.40999984741211,37.54999923706055,4279662.0,36.57725143432617,SCG
2018-04-02,38.540000915527344,37.20000076293945,37.7400016784668,38.040000915527344,2729200.0,37.054561614990234,SCG
2018-04-03,38.650001525878906,37.150001525878906,38.22999954223633,38.29999923706055,2268316.0,37.307823181152344,SCG
2018-04-04,38.209999084472656,36.77000045776367,38.119998931884766,37.90999984741211,1529770.0,36.92792510986328,SCG
2018-04-05,38.97999954223633,37.040000915527344,37.83000183105469,38.689998626708984,1511640.0,37.687721252441406,SCG
2018-04-06,38.75,37.2599983215332,38.720001220703125,37.470001220703125,1549721.0,36.499324798583984,SCG
2018-04-09,37.720001220703125,37.02000045776367,37.650001525878906,37.099998474121094,670292.0,36.13890838623047,SCG
2018-04-10,37.220001220703125,36.13159942626953,37.209999084472656,36.29999923706055,1016056.0,35.35963439941406,SCG
2018-04-11,36.84000015258789,36.209999084472656,36.29999923706055,36.369998931884766,923213.0,35.42782211303711,SCG
2018-04-12,36.61000061035156,35.68000030517578,36.5099983215332,35.900001525878906,1196732.0,34.970001220703125,SCG
2018-04-13,36.369998931884766,35.75,36.099998474121094,35.900001525878906,1112452.0,34.970001220703125,SCG
2018-04-16,37.16999816894531,36.06999969482422,36.11000061035156,36.61000061035156,1451434.0,35.66160583496094,SCG
2018-04-17,37.470001220703125,36.099998474121094,36.63999938964844,36.220001220703125,1676646.0,35.281707763671875,SCG
2018-04-18,38.31999969482422,36.25,36.25,37.209999084472656,2293813.0,36.24605941772461,SCG
2018-04-19,36.369998931884766,35.45000076293945,36.0,35.9900016784668,2302102.0,35.05766677856445,SCG
2018-04-20,36.79999923706055,35.75,36.029998779296875,35.91999816894531,926857.0,34.98947525024414,SCG
2018-04-23,37.22999954223633,35.95399856567383,36.0,36.470001220703125,2086467.0,35.525230407714844,SCG
2018-04-24,36.7599983215332,35.65999984741211,36.59000015258789,35.7599983215332,1404599.0,34.833621978759766,SCG
2018-04-25,37.18000030517578,35.720001220703125,35.79999923706055,36.54999923706055,1498716.0,35.60315704345703,SCG
2018-04-26,36.81999969482422,35.209999084472656,36.54999923706055,36.38999938964844,1588521.0,35.44729995727539,SCG
2018-04-27,37.619998931884766,36.09000015258789,36.20000076293945,37.52000045776367,1365097.0,36.548030853271484,SCG
2018-04-30,37.540000915527344,36.56999969482422,37.34000015258789,36.77000045776367,1121312.0,35.81745910644531,SCG
2018-05-01,37.63249969482422,36.66999816894531,36.77000045776367,37.369998931884766,1930551.0,36.40191650390625,SCG
2018-05-02,37.369998931884766,36.58100128173828,37.119998931884766,36.77000045776367,1127917.0,35.81745910644531,SCG
2018-05-03,36.91999816894531,35.650001525878906,36.630001068115234,36.150001525878906,863452.0,35.21352005004883,SCG
2018-05-04,37.04999923706055,36.15999984741211,36.290000915527344,36.5,624253.0,35.55445098876953,SCG
2018-05-07,36.61000061035156,35.81999969482422,36.33000183105469,36.43000030517578,1486953.0,35.48626708984375,SCG
2018-05-08,36.43000030517578,34.779998779296875,36.15999984741211,35.2400016784668,2326883.0,34.32709503173828,SCG
2018-05-09,35.45000076293945,33.970001220703125,35.43000030517578,35.130001068115234,1595468.0,34.21994400024414,SCG
2018-05-10,35.90999984741211,35.090999603271484,35.40999984741211,35.66999816894531,1130440.0,34.745948791503906,SCG
2018-05-11,36.15999984741211,35.20289993286133,35.72999954223633,35.290000915527344,617133.0,34.375797271728516,SCG
2018-05-14,35.38999938964844,34.650001525878906,35.25,34.939998626708984,1235967.0,34.03486251831055,SCG
2018-05-15,34.810001373291016,34.20000076293945,34.65999984741211,34.68000030517578,1196686.0,33.7816047668457,SCG
2018-05-16,34.90999984741211,34.13999938964844,34.77000045776367,34.400001525878906,626766.0,33.508853912353516,SCG
2018-05-17,34.45000076293945,33.75,34.45000076293945,34.02000045776367,1344173.0,33.13869857788086,SCG
2018-05-18,34.40999984741211,34.0,34.0,34.31999969482422,876600.0,33.43092346191406,SCG
2018-05-21,34.83000183105469,34.150001525878906,34.470001220703125,34.63999938964844,1112657.0,33.74263381958008,SCG
2018-05-22,35.900001525878906,34.79999923706055,34.79999923706055,35.290000915527344,1501904.0,34.375797271728516,SCG
2018-05-23,35.38999938964844,33.61000061035156,35.27000045776367,35.029998779296875,1633295.0,34.12253189086914,SCG
2018-05-24,35.529998779296875,34.75,35.0099983215332,35.470001220703125,880262.0,34.5511360168457,SCG
2018-05-25,36.0,35.470001220703125,35.470001220703125,35.810001373291016,513404.0,34.88232421875,SCG
2018-05-29,35.880001068115234,34.20000076293945,35.0,35.63999938964844,1292960.0,34.716732025146484,SCG
2018-05-30,36.2599983215332,35.189998626708984,35.560001373291016,35.880001068115234,1799906.0,34.95051193237305,SCG
2018-05-31,36.630001068115234,35.540000915527344,35.900001525878906,36.29999923706055,1438502.0,35.35963439941406,SCG
2018-06-01,36.27000045776367,35.33000183105469,36.22999954223633,35.349998474121094,1652194.0,34.434242248535156,SCG
2018-06-04,35.619998931884766,34.86000061035156,35.349998474121094,35.0099983215332,737979.0,34.103050231933594,SCG
2018-06-05,37.1599006652832,35.119998931884766,35.54999923706055,36.709999084472656,2803396.0,35.759010314941406,SCG
2018-06-06,36.689998626708984,35.314998626708984,36.689998626708984,35.529998779296875,1273621.0,34.60957717895508,SCG
2018-06-07,36.459999084472656,35.31829833984375,35.599998474121094,35.90999984741211,1286084.0,34.979736328125,SCG
2018-06-08,36.439998626708984,35.720001220703125,36.0,36.150001525878906,1177018.0,35.824562072753906,SCG
2018-06-11,37.029998779296875,36.0099983215332,36.15999984741211,36.869998931884766,861240.0,36.538082122802734,SCG
2018-06-12,37.599998474121094,36.709999084472656,36.720001220703125,37.27000045776367,1079164.0,36.934478759765625,SCG
2018-06-13,37.369998931884766,36.33000183105469,37.290000915527344,36.43000030517578,1227679.0,36.10204315185547,SCG
2018-06-14,37.14500045776367,36.07500076293945,36.56999969482422,36.900001525878906,1722397.0,36.56781005859375,SCG
2018-06-15,37.38999938964844,36.7400016784668,36.880001068115234,37.310001373291016,2586311.0,36.97412109375,SCG
2018-06-18,37.5099983215332,36.84000015258789,37.25,36.91999816894531,1458714.0,36.58763122558594,SCG
2018-06-19,37.59000015258789,36.93000030517578,36.93000030517578,37.54999923706055,951273.0,37.21195602416992,SCG
2018-06-20,37.59000015258789,37.0099983215332,37.5,37.369998931884766,755741.0,37.03357696533203,SCG
2018-06-21,37.540000915527344,36.415000915527344,37.22999954223633,36.54999923706055,1464709.0,36.2209587097168,SCG
2018-06-22,37.09000015258789,36.37009811401367,36.58000183105469,37.0099983215332,2621830.0,36.67681884765625,SCG
2018-06-25,38.53499984741211,37.029998779296875,37.029998779296875,38.400001525878906,2122716.0,38.0543098449707,SCG
2018-06-26,39.05419921875,38.119998931884766,38.25,38.470001220703125,1585547.0,38.12367630004883,SCG
2018-06-27,40.0099983215332,36.62200164794922,38.290000915527344,36.790000915527344,6000506.0,36.45880126953125,SCG
2018-06-28,39.11000061035156,35.709999084472656,35.71500015258789,38.5,4260734.0,38.15340805053711,SCG
2018-06-29,39.400001525878906,37.93000030517578,39.33000183105469,38.52000045776367,2089328.0,38.17322540283203,SCG
2018-07-02,38.88999938964844,37.7599983215332,38.439998626708984,38.790000915527344,1154435.0,38.4407958984375,SCG
2018-07-03,40.73500061035156,38.45000076293945,38.63999938964844,40.36000061035156,1131059.0,39.99666213989258,SCG
2018-07-05,40.7599983215332,39.470401763916016,39.93000030517578,40.560001373291016,1411903.0,40.194862365722656,SCG
2018-07-06,40.810001373291016,40.16999816894531,40.540000915527344,40.630001068115234,937709.0,40.26423263549805,SCG
2018-07-09,40.790000915527344,39.400001525878906,40.47999954223633,39.4900016784668,1750764.0,39.25400924682617,SCG
2018-07-10,40.0,39.06269836425781,39.18000030517578,39.619998931884766,848006.0,39.38322448730469,SCG
2018-07-11,39.790000915527344,39.25,39.38999938964844,39.400001525878906,892756.0,39.16454315185547,SCG
2018-07-12,39.45000076293945,38.599998474121094,39.400001525878906,38.84000015258789,1914241.0,38.60789108276367,SCG
2018-07-13,39.10499954223633,38.2400016784668,38.720001220703125,39.060001373291016,1403988.0,38.826576232910156,SCG
2018-07-16,39.22999954223633,37.939998626708984,39.22999954223633,38.099998474121094,1179942.0,37.87230682373047,SCG
2018-07-17,39.2400016784668,37.97999954223633,38.099998474121094,39.099998474121094,1121657.0,38.8663330078125,SCG
2018-07-18,39.209999084472656,38.459999084472656,38.9900016784668,38.83000183105469,580063.0,38.59795379638672,SCG
2018-07-19,40.22999954223633,38.689998626708984,38.970001220703125,40.20000076293945,907513.0,39.95976257324219,SCG
2018-07-20,40.470001220703125,39.599998474121094,39.9900016784668,40.119998931884766,869883.0,39.8802375793457,SCG
2018-07-23,40.32500076293945,39.77000045776367,40.189998626708984,40.2599983215332,691462.0,40.01940155029297,SCG
2018-07-24,40.59000015258789,39.349998474121094,40.029998779296875,40.47999954223633,1664299.0,40.23809051513672,SCG
2018-07-25,40.29999923706055,39.52000045776367,40.29999923706055,40.20000076293945,2274987.0,39.95976257324219,SCG
2018-07-26,40.38999938964844,39.70000076293945,40.38999938964844,40.18000030517578,1149799.0,39.93988037109375,SCG
2018-07-27,41.0099983215332,40.099998474121094,40.18000030517578,40.93000030517578,2021072.0,40.68539810180664,SCG
2018-07-30,41.060001373291016,39.66999816894531,41.060001373291016,40.349998474121094,1841333.0,40.108863830566406,SCG
2018-07-31,41.08000183105469,39.83000183105469,40.43000030517578,39.9900016784668,6412831.0,39.75101852416992,SCG
2018-08-01,40.45000076293945,39.22999954223633,39.9900016784668,40.279998779296875,1784840.0,40.03927993774414,SCG
2018-08-02,42.40999984741211,39.9900016784668,40.0,41.34000015258789,2653112.0,41.09294891357422,SCG
2018-08-03,42.22999954223633,40.86000061035156,41.31999969482422,42.119998931884766,774314.0,41.8682861328125,SCG
2018-08-06,42.939998626708984,41.93000030517578,41.93000030517578,42.18000030517578,926320.0,41.92792892456055,SCG
2018-08-07,40.560001373291016,39.34000015258789,39.470001220703125,40.02000045776367,1925912.0,39.78083801269531,SCG
2018-08-08,40.150001525878906,38.709999084472656,40.06999969482422,38.72999954223633,952822.0,38.4985466003418,SCG
2018-08-09,39.06999969482422,38.189998626708984,38.90999984741211,38.279998779296875,1349024.0,38.05123519897461,SCG
2018-08-10,38.540000915527344,37.880001068115234,38.2599983215332,38.02000045776367,546459.0,37.792789459228516,SCG
2018-08-13,38.04999923706055,36.93000030517578,37.880001068115234,37.130001068115234,1549539.0,36.908111572265625,SCG
2018-08-14,37.5525016784668,36.91999816894531,37.09000015258789,37.20000076293945,1022537.0,36.977691650390625,SCG
2018-08-15,37.40999984741211,36.970001220703125,37.209999084472656,37.16999816894531,1344737.0,36.9478645324707,SCG
2018-08-16,37.650001525878906,36.849998474121094,37.060001373291016,37.560001373291016,856793.0,37.33553695678711,SCG
2018-08-17,38.68009948730469,37.560001373291016,37.560001373291016,38.5,728999.0,38.26992416381836,SCG
2018-08-20,39.040000915527344,38.150001525878906,38.470001220703125,38.900001525878906,686876.0,38.66753387451172,SCG
2018-08-21,38.83000183105469,38.0099983215332,38.720001220703125,38.0099983215332,985459.0,37.7828483581543,SCG
2018-08-22,38.435001373291016,37.45000076293945,38.09000015258789,37.709999084472656,610626.0,37.484642028808594,SCG
2018-08-23,38.029998779296875,37.439998626708984,37.77000045776367,37.59000015258789,515646.0,37.365360260009766,SCG
2018-08-24,38.9900016784668,37.59000015258789,37.66999816894531,38.95000076293945,997910.0,38.71723175048828,SCG
2018-08-27,39.5,38.70000076293945,38.95000076293945,39.369998931884766,607932.0,39.13471984863281,SCG
2018-08-28,39.529998779296875,38.709999084472656,39.130001068115234,38.81999969482422,658458.0,38.58800506591797,SCG
2018-08-29,39.029998779296875,38.560001373291016,39.02000045776367,38.86000061035156,539206.0,38.627769470214844,SCG
2018-08-30,39.220001220703125,38.47999954223633,38.84000015258789,38.63999938964844,625678.0,38.40908432006836,SCG
2018-08-31,39.0,38.060001373291016,38.63999938964844,38.34000015258789,1389922.0,38.110877990722656,SCG
2018-09-04,38.4900016784668,37.290000915527344,38.29999923706055,37.36000061035156,821800.0,37.13673400878906,SCG
2018-09-05,37.970001220703125,37.4900016784668,37.4900016784668,37.689998626708984,1526351.0,37.464759826660156,SCG
2018-09-06,37.95000076293945,36.66999816894531,37.63999938964844,36.68000030517578,1049622.0,36.46079635620117,SCG
2018-09-07,37.0099983215332,36.209999084472656,36.27000045776367,36.599998474121094,1030334.0,36.5043830871582,SCG
2018-09-10,37.02000045776367,35.63999938964844,36.59000015258789,35.66999816894531,1171265.0,35.576812744140625,SCG
2018-09-11,36.04399871826172,35.2400016784668,35.689998626708984,35.59000015258789,1214458.0,35.49702072143555,SCG
2018-09-12,36.0,35.32500076293945,35.630001068115234,35.709999084472656,654814.0,35.61670684814453,SCG
2018-09-13,35.94900131225586,35.31010055541992,35.650001525878906,35.47999954223633,894071.0,35.38731002807617,SCG
2018-09-14,35.61000061035156,35.189998626708984,35.33000183105469,35.470001220703125,1172604.0,35.37733840942383,SCG
2018-09-17,36.130001068115234,35.470001220703125,35.58000183105469,35.88999938964844,1162451.0,35.79623794555664,SCG
2018-09-18,36.08000183105469,35.65999984741211,35.75,35.86000061035156,1340844.0,35.766319274902344,SCG
2018-09-19,36.02000045776367,34.84000015258789,35.95000076293945,34.90999984741211,1063765.0,34.81879806518555,SCG
2018-09-20,35.13999938964844,34.70000076293945,35.060001373291016,34.93000030517578,900073.0,34.8387451171875,SCG
2018-09-21,34.99259948730469,34.31999969482422,34.75,34.86000061035156,1988742.0,34.76892852783203,SCG
2018-09-24,35.279998779296875,34.79999923706055,34.90999984741211,34.900001525878906,1098941.0,34.8088264465332,SCG
2018-09-25,35.970001220703125,34.54999923706055,34.689998626708984,35.25,1691615.0,35.15790939331055,SCG
2018-09-26,37.91999816894531,35.29999923706055,35.400001525878906,36.630001068115234,2892466.0,36.534305572509766,SCG
2018-09-27,37.81999969482422,36.52000045776367,36.970001220703125,37.43000030517578,2137117.0,37.33221435546875,SCG
2018-09-28,39.0,37.560001373291016,37.86000061035156,38.88999938964844,2285518.0,38.78839874267578,SCG
2018-10-01,38.83000183105469,37.369998931884766,38.75,37.540000915527344,1346526.0,37.44192886352539,SCG
2018-10-02,38.59000015258789,37.47999954223633,37.68000030517578,38.15999984741211,2105503.0,38.060306549072266,SCG
2018-10-03,38.68000030517578,37.88999938964844,38.15999984741211,38.29999923706055,1226698.0,38.1999397277832,SCG
2018-10-04,38.880001068115234,37.900001525878906,38.029998779296875,38.7599983215332,1054521.0,38.65873718261719,SCG
2018-10-05,39.40999984741211,38.720001220703125,39.06999969482422,38.75,703491.0,38.648765563964844,SCG
2018-10-08,39.7400016784668,38.5,38.5099983215332,39.2599983215332,1450208.0,39.157432556152344,SCG
2018-10-09,40.3401985168457,39.41429901123047,39.939998626708984,39.90999984741211,1268095.0,39.80573654174805,SCG
2018-10-10,40.63999938964844,39.599998474121094,39.77000045776367,39.95000076293945,1461233.0,39.84563064575195,SCG
2018-10-11,40.0099983215332,39.16999816894531,40.0099983215332,39.77000045776367,1171047.0,39.66610336303711,SCG
2018-10-12,40.060001373291016,38.970001220703125,39.720001220703125,39.279998779296875,1679037.0,39.1773796081543,SCG
2018-10-15,39.27000045776367,38.36000061035156,39.27000045776367,38.7599983215332,1716807.0,38.65873718261719,SCG
2018-10-16,39.79999923706055,38.38999938964844,38.4900016784668,39.779998779296875,1035597.0,39.67607498168945,SCG
2018-10-17,40.13999938964844,39.650001525878906,39.75,40.08000183105469,639471.0,39.97529220581055,SCG
2018-10-18,40.470001220703125,39.880001068115234,40.060001373291016,40.2599983215332,770295.0,40.15481948852539,SCG
2018-10-19,41.060001373291016,40.0099983215332,40.22999954223633,40.88999938964844,778780.0,40.78317642211914,SCG
2018-10-22,40.970001220703125,34.79999923706055,40.90999984741211,36.400001525878906,5187263.0,36.304908752441406,SCG
2018-10-23,38.36000061035156,36.20009994506836,36.29999923706055,37.459999084472656,2878564.0,37.36213684082031,SCG
2018-10-24,38.54499816894531,37.005001068115234,37.63999938964844,37.290000915527344,1668662.0,37.19258117675781,SCG
2018-10-25,38.29999923706055,35.689998626708984,37.060001373291016,37.369998931884766,1579473.0,37.272369384765625,SCG
2018-10-26,39.18000030517578,35.380001068115234,38.91999816894531,36.56999969482422,3095880.0,36.47446060180664,SCG
2018-10-29,37.55500030517578,36.470001220703125,36.72999954223633,37.130001068115234,929097.0,37.03300094604492,SCG
2018-10-30,41.84000015258789,37.349998474121094,37.38999938964844,40.88999938964844,4223848.0,40.78317642211914,SCG
2018-10-31,41.029998779296875,40.02000045776367,40.40999984741211,40.04999923706055,1411112.0,39.945369720458984,SCG
2018-11-01,40.810001373291016,38.75,40.0,40.04999923706055,1460788.0,39.945369720458984,SCG
2018-11-02,40.336700439453125,38.93000030517578,39.97999954223633,40.0099983215332,1177920.0,39.90547180175781,SCG
2018-11-05,40.619998931884766,39.619998931884766,40.18000030517578,39.81999969482422,908229.0,39.715972900390625,SCG
2018-11-06,40.16999816894531,39.68000030517578,39.86000061035156,40.04999923706055,524365.0,39.945369720458984,SCG
2018-11-07,40.709999084472656,39.66999816894531,40.040000915527344,40.650001525878906,673029.0,40.54380416870117,SCG
2018-11-08,40.63999938964844,39.75,40.63999938964844,40.0,837769.0,39.89550018310547,SCG
2018-11-09,40.9900016784668,39.689998626708984,39.810001373291016,40.18000030517578,635009.0,40.07503128051758,SCG
2018-11-12,41.04249954223633,39.97999954223633,40.15999984741211,40.630001068115234,828167.0,40.52385711669922,SCG
2018-11-13,41.4109001159668,40.349998474121094,40.5,41.20000076293945,718220.0,41.09236526489258,SCG
2018-11-14,42.0,40.742698669433594,41.02000045776367,41.29999923706055,1654569.0,41.19210433959961,SCG
2018-11-15,42.29999923706055,40.391998291015625,40.959999084472656,42.279998779296875,1134710.0,42.1695442199707,SCG
2018-11-16,43.61000061035156,42.439998626708984,42.439998626708984,42.959999084472656,1393641.0,42.8477668762207,SCG
2018-11-19,43.84000015258789,42.90999984741211,42.90999984741211,43.709999084472656,757761.0,43.59580612182617,SCG
2018-11-20,44.56999969482422,42.5099983215332,43.75,44.5,2357399.0,44.38374328613281,SCG
2018-11-21,44.119998931884766,42.380001068115234,43.630001068115234,43.630001068115234,2164019.0,43.51601791381836,SCG
2018-11-23,44.41999816894531,43.47420120239258,43.70000076293945,44.060001373291016,431291.0,43.94489669799805,SCG
2018-11-26,46.810001373291016,45.20000076293945,45.290000915527344,46.630001068115234,2244425.0,46.508182525634766,SCG
2018-11-27,46.9900016784668,45.97999954223633,46.560001373291016,46.9900016784668,1688041.0,46.86724090576172,SCG
2018-11-28,46.95000076293945,45.439998626708984,46.95000076293945,45.529998779296875,1436853.0,45.41105270385742,SCG
2018-11-29,46.13999938964844,44.209999084472656,45.529998779296875,46.11000061035156,1694414.0,45.989540100097656,SCG
2018-11-30,46.810001373291016,45.97999954223633,45.97999954223633,46.65999984741211,1509370.0,46.53810119628906,SCG
2018-12-03,47.56999969482422,46.310001373291016,46.36000061035156,47.22999954223633,2000182.0,47.10661315917969,SCG
2018-12-04,48.929901123046875,46.849998474121094,47.18000030517578,47.29999923706055,2974082.0,47.176429748535156,SCG
2018-12-06,47.47999954223633,45.7400016784668,47.150001525878906,47.349998474121094,1448147.0,47.22629928588867,SCG
2018-12-07,47.97999954223633,46.630001068115234,47.189998626708984,46.86000061035156,1659314.0,46.86000061035156,SCG
2018-12-10,47.79999923706055,46.31999969482422,46.84000015258789,47.189998626708984,2869238.0,47.189998626708984,SCG
2018-12-11,47.54999923706055,46.439998626708984,47.310001373291016,46.939998626708984,1462219.0,46.939998626708984,SCG
2018-12-12,48.310001373291016,47.02000045776367,47.189998626708984,48.0,2360376.0,48.0,SCG
2018-12-13,48.630001068115234,47.81999969482422,48.16999816894531,47.959999084472656,1816938.0,47.959999084472656,SCG
2018-12-14,51.27000045776367,47.390098571777344,47.84000015258789,50.97999954223633,6555112.0,50.97999954223633,SCG
2018-12-17,51.15999984741211,48.77000045776367,50.88999938964844,48.93000030517578,3170989.0,48.93000030517578,SCG
2018-12-18,49.84000015258789,48.650001525878906,49.20000076293945,48.75,2084599.0,48.75,SCG
2018-12-19,49.459999084472656,48.68000030517578,48.90999984741211,49.11000061035156,2035433.0,49.11000061035156,SCG
2018-12-20,50.16999816894531,48.84000015258789,49.040000915527344,49.599998474121094,2432362.0,49.599998474121094,SCG
2018-12-21,50.88999938964844,49.5099983215332,49.779998779296875,49.810001373291016,6149539.0,49.810001373291016,SCG
2018-12-24,50.04999923706055,46.91999816894531,49.86000061035156,47.150001525878906,1118334.0,47.150001525878906,SCG
2018-12-26,47.90999984741211,46.540000915527344,47.150001525878906,47.90999984741211,1561577.0,47.90999984741211,SCG
2018-12-27,48.810001373291016,47.50680160522461,47.68000030517578,48.779998779296875,2606989.0,48.779998779296875,SCG
2018-12-28,49.400001525878906,48.619998931884766,48.88999938964844,48.88999938964844,3549910.0,48.88999938964844,SCG
2018-12-31,49.255001068115234,47.380001068115234,48.84000015258789,47.779998779296875,17831547.0,47.779998779296875,SCG
